{"0": {"activity": null, "activities": [5.795880017344075, 3.619788758288394], "nrOfFeatures": 2}, "1": {"activity": null, "activities": [6.154901959985743, 5.6020599913279625, 6.494850021680094, 5.578396073130169, 6.772113295386326], "nrOfFeatures": 5}, "2": {"activity": null, "activities": [6.154901959985743, 3.8751698505861407], "nrOfFeatures": 2}, "3": {"activity": null, "activities": [6.154901959985743, 5.0, 5.578396073130169, 6.259637310505756, 6.552841968657781, 7.251811972993799, 4.7447274948966935], "nrOfFeatures": 7}, "4": {"activity": null, "activities": [5.6020599913279625, 6.3979400086720375], "nrOfFeatures": 2}, "5": {"activity": null, "activities": [5.6020599913279625, 7.494850021680094, 6.0915149811213505], "nrOfFeatures": 3}, "6": {"activity": null, "activities": [5.6020599913279625, 6.705533773838407, 6.251811972993799, 6.259637310505756], "nrOfFeatures": 4}, "7": {"activity": null, "activities": [3.0150228735845066, 4.301029995663981, 3.8894102897007508, 2.8477116556169437], "nrOfFeatures": 4}, "8": {"activity": null, "activities": [3.8751698505861407, 6.494850021680094, 5.347753658996677], "nrOfFeatures": 3}, "9": {"activity": null, "activities": [6.259637310505756, 7.494850021680094, 6.705533773838407, 5.107905397309519], "nrOfFeatures": 4}, "10": {"activity": null, "activities": [6.259637310505756, 7.251811972993799], "nrOfFeatures": 2}, "11": {"activity": null, "activities": [8.154901959985743, 6.705533773838407], "nrOfFeatures": 2}, "12": {"activity": null, "activities": [8.154901959985743, 8.045757490560675, 8.045757490560675], "nrOfFeatures": 3}, "13": {"activity": null, "activities": [6.790484985457369, 6.772113295386326, 7.443697499232712], "nrOfFeatures": 3}, "14": {"activity": null, "activities": [5.22548303427145, 6.455931955649724, 6.844663962534939], "nrOfFeatures": 3}, "15": {"activity": null, "activities": [5.856985199745905, 5.0, 5.468521082957745], "nrOfFeatures": 3}, "16": {"activity": null, "activities": [5.856985199745905, 6.705533773838407], "nrOfFeatures": 2}, "17": {"activity": null, "activities": [6.494850021680094, 5.089909454405932, 5.089909454405932], "nrOfFeatures": 3}, "18": {"activity": null, "activities": [5.089909454405932, 4.892790030352131], "nrOfFeatures": 2}, "19": {"activity": null, "activities": [5.0, 5.468521082957745, 5.844663962534939], "nrOfFeatures": 3}, "20": {"activity": null, "activities": [5.428291168191312, 6.251811972993799], "nrOfFeatures": 2}, "21": {"activity": null, "activities": [5.578396073130169, 3.580209413893637, 5.238824186844268], "nrOfFeatures": 3}, "22": {"activity": null, "activities": [8.045757490560675, 5.958607314841775], "nrOfFeatures": 2}, "23": {"activity": null, "activities": [8.045757490560675, 7.7447274948966935, 5.844663962534939, 6.761953896871205], "nrOfFeatures": 4}, "24": {"activity": null, "activities": [6.251811972993799, 8.096910013008056, 7.251811972993799], "nrOfFeatures": 3}, "25": {"activity": null, "activities": [6.844663962534939, 6.761953896871205], "nrOfFeatures": 2}, "26": {"activity": null, "activities": [5.795880017344075, 5.6020599913279625, 6.494850021680094, 6.777283528852417], "nrOfFeatures": 4}, "27": {"activity": null, "activities": [5.795880017344075, 3.619788758288394], "nrOfFeatures": 2}, "28": {"activity": null, "activities": [6.154901959985743, 5.428291168191312, 3.8894102897007508], "nrOfFeatures": 3}, "29": {"activity": null, "activities": [6.154901959985743, 5.578396073130169, 6.772113295386326], "nrOfFeatures": 3}, "30": {"activity": null, "activities": [5.6020599913279625, 6.3979400086720375, 6.0915149811213505], "nrOfFeatures": 3}, "31": {"activity": null, "activities": [3.0150228735845066, 4.301029995663981, 2.8477116556169437], "nrOfFeatures": 3}, "32": {"activity": null, "activities": [6.259637310505756, 7.251811972993799], "nrOfFeatures": 2}, "33": {"activity": null, "activities": [5.22548303427145, 6.0915149811213505, 7.443697499232712], "nrOfFeatures": 3}, "34": {"activity": null, "activities": [5.856985199745905, 5.0, 5.468521082957745], "nrOfFeatures": 3}, "35": {"activity": null, "activities": [5.856985199745905, 6.705533773838407], "nrOfFeatures": 2}, "36": {"activity": null, "activities": [6.705533773838407, 5.428291168191312, 4.761953896871205, 6.356547323513812, 5.221125527997261], "nrOfFeatures": 5}, "37": {"activity": null, "activities": [6.705533773838407, 6.259637310505756], "nrOfFeatures": 2}, "38": {"activity": null, "activities": [5.0, 5.468521082957745], "nrOfFeatures": 2}, "39": {"activity": null, "activities": [6.552841968657781, 4.7447274948966935], "nrOfFeatures": 2}, "40": {"activity": null, "activities": [3.0150228735845066, 4.301029995663981], "nrOfFeatures": 2}, "41": {"activity": null, "activities": [3.886056647693163, 5.6020599913279625, 3.580209413893637, 5.107905397309519], "nrOfFeatures": 4}, "42": {"activity": null, "activities": [5.795880017344075, 7.494850021680094, 6.455931955649724, 5.958607314841775], "nrOfFeatures": 4}, "43": {"activity": null, "activities": [3.0150228735845066, 5.238824186844268], "nrOfFeatures": 2}, "44": {"activity": null, "activities": [6.790484985457369, 5.347753658996677, 4.892790030352131], "nrOfFeatures": 3}, "45": {"activity": null, "activities": [5.089909454405932, 6.251811972993799], "nrOfFeatures": 2}, "46": {"activity": null, "activities": [4.761953896871205, 5.238824186844268], "nrOfFeatures": 2}, "47": {"activity": null, "activities": [7.7447274948966935, 5.844663962534939], "nrOfFeatures": 2}, "48": {"activity": null, "activities": [5.6020599913279625, 5.22548303427145, 7.251811972993799], "nrOfFeatures": 3}, "49": {"activity": null, "activities": [5.856985199745905, 5.428291168191312, 6.356547323513812], "nrOfFeatures": 3}, "50": {"activity": null, "activities": [3.886056647693163, 5.844663962534939], "nrOfFeatures": 2}, "51": {"activity": null, "activities": [6.154901959985743, 6.705533773838407, 6.259637310505756], "nrOfFeatures": 3}, "52": {"activity": null, "activities": [3.0150228735845066, 4.301029995663981, 5.407823242604133, 5.407823242604133, 3.580209413893637, 4.761953896871205, 5.238824186844268], "nrOfFeatures": 7}, "53": {"activity": null, "activities": [6.259637310505756, 5.089909454405932, 5.578396073130169, 5.578396073130169], "nrOfFeatures": 4}, "54": {"activity": null, "activities": [5.22548303427145, 7.494850021680094, 6.356547323513812], "nrOfFeatures": 3}, "55": {"activity": null, "activities": [5.856985199745905, 6.3979400086720375], "nrOfFeatures": 2}, "56": {"activity": null, "activities": [6.705533773838407, 6.251811972993799], "nrOfFeatures": 2}, "57": {"activity": null, "activities": [5.578396073130169, 5.238824186844268, 4.7447274948966935], "nrOfFeatures": 3}, "58": {"activity": null, "activities": [5.578396073130169, 6.3979400086720375, 7.251811972993799], "nrOfFeatures": 3}, "59": {"activity": null, "activities": [4.761953896871205, 6.0915149811213505], "nrOfFeatures": 2}, "60": {"activity": null, "activities": [7.7447274948966935, 5.844663962534939], "nrOfFeatures": 2}, "61": {"activity": null, "activities": [2.8477116556169437, 4.892790030352131], "nrOfFeatures": 2}, "62": {"activity": null, "activities": [7.853871964321762, 5.221125527997261], "nrOfFeatures": 2}}