{"0": {"activity": null, "activities": [6.823908740944319, 4.886056647693163, 5.920818753952375], "nrOfFeatures": 3}, "1": {"activity": null, "activities": [6.823908740944319, 5.920818753952375], "nrOfFeatures": 2}, "2": {"activity": null, "activities": [6.823908740944319, 5.920818753952375], "nrOfFeatures": 2}, "3": {"activity": null, "activities": [6.823908740944319, 8.886056647693163], "nrOfFeatures": 2}, "4": {"activity": null, "activities": [6.468521082957745, 5.236572006437063], "nrOfFeatures": 2}, "5": {"activity": null, "activities": [6.853871964321762, 5.619788758288394], "nrOfFeatures": 2}, "6": {"activity": null, "activities": [6.853871964321762, 5.619788758288394], "nrOfFeatures": 2}, "7": {"activity": null, "activities": [6.853871964321762, 5.619788758288394], "nrOfFeatures": 2}, "8": {"activity": null, "activities": [7.080921907623926, 7.721246399047171], "nrOfFeatures": 2}, "9": {"activity": null, "activities": [7.00436480540245, 7.721246399047171], "nrOfFeatures": 2}, "10": {"activity": null, "activities": [7.376750709602099, 5.236572006437063, 6.036212172654444], "nrOfFeatures": 3}, "11": {"activity": null, "activities": [7.376750709602099, 6.036212172654444], "nrOfFeatures": 2}, "12": {"activity": null, "activities": [7.376750709602099, 5.236572006437063, 6.036212172654444], "nrOfFeatures": 3}, "13": {"activity": null, "activities": [4.886056647693163, 6.301029995663981], "nrOfFeatures": 2}, "14": {"activity": 3.8239087409443187, "activities": [7.096910013008056, 7.376750709602099, 5.236572006437063, 4.958607314841775, 6.036212172654444, 5.552841968657781, 5.920818753952375], "nrOfFeatures": 8}, "15": {"activity": null, "activities": [6.823908740944319, 4.886056647693163, 5.920818753952375], "nrOfFeatures": 3}, "16": {"activity": null, "activities": [6.468521082957745, 5.236572006437063], "nrOfFeatures": 2}, "17": {"activity": null, "activities": [6.853871964321762, 5.619788758288394], "nrOfFeatures": 2}, "18": {"activity": null, "activities": [7.080921907623926, 7.698970004336019], "nrOfFeatures": 2}, "19": {"activity": null, "activities": [7.376750709602099, 5.236572006437063, 6.036212172654444], "nrOfFeatures": 3}, "20": {"activity": null, "activities": [7.376750709602099, 6.036212172654444], "nrOfFeatures": 2}, "21": {"activity": null, "activities": [7.698970004336019, 7.721246399047171], "nrOfFeatures": 2}, "22": {"activity": null, "activities": [3.8239087409443187, 6.301029995663981], "nrOfFeatures": 2}, "23": {"activity": null, "activities": [6.853871964321762, 4.494850021680094, 4.337242168318426], "nrOfFeatures": 3}, "24": {"activity": null, "activities": [7.080921907623926, 5.619788758288394], "nrOfFeatures": 2}, "25": {"activity": null, "activities": [7.376750709602099, 5.236572006437063], "nrOfFeatures": 2}, "26": {"activity": null, "activities": [4.886056647693163, 4.958607314841775, 5.552841968657781], "nrOfFeatures": 3}, "27": {"activity": null, "activities": [7.698970004336019, 7.721246399047171], "nrOfFeatures": 2}, "28": {"activity": null, "activities": [7.096910013008056, 6.301029995663981], "nrOfFeatures": 2}, "29": {"activity": null, "activities": [7.080921907623926, 5.619788758288394], "nrOfFeatures": 2}, "30": {"activity": null, "activities": [4.494850021680094, 5.552841968657781, 5.619788758288394], "nrOfFeatures": 3}, "31": {"activity": null, "activities": [7.376750709602099, 5.236572006437063], "nrOfFeatures": 2}, "32": {"activity": null, "activities": [7.698970004336019, 7.721246399047171, 6.036212172654444], "nrOfFeatures": 3}, "33": {"activity": null, "activities": [6.468521082957745, 6.853871964321762, 7.698970004336019], "nrOfFeatures": 3}, "34": {"activity": null, "activities": [6.468521082957745, 5.47755576649368], "nrOfFeatures": 2}, "35": {"activity": null, "activities": [6.3979400086720375, 5.552841968657781], "nrOfFeatures": 2}, "36": {"activity": null, "activities": [8.886056647693163, 8.886056647693163], "nrOfFeatures": 2}, "37": {"activity": null, "activities": [6.853871964321762, 5.619788758288394], "nrOfFeatures": 2}, "38": {"activity": null, "activities": [6.853871964321762, 5.619788758288394], "nrOfFeatures": 2}, "39": {"activity": null, "activities": [7.00436480540245, 5.47755576649368], "nrOfFeatures": 2}, "40": {"activity": null, "activities": [7.00436480540245, 5.920818753952375, 5.619788758288394], "nrOfFeatures": 3}, "41": {"activity": null, "activities": [7.00436480540245, 5.47755576649368], "nrOfFeatures": 2}, "42": {"activity": null, "activities": [4.494850021680094, 4.337242168318426], "nrOfFeatures": 2}, "43": {"activity": null, "activities": [7.376750709602099, 5.236572006437063], "nrOfFeatures": 2}, "44": {"activity": null, "activities": [6.301029995663981, 7.721246399047171], "nrOfFeatures": 2}, "45": {"activity": null, "activities": [7.5376020021010435, 7.5376020021010435, 7.5376020021010435], "nrOfFeatures": 3}, "46": {"activity": null, "activities": [5.920818753952375, 5.920818753952375, 5.920818753952375], "nrOfFeatures": 3}}