{"0": {"activity": null, "activities": [7.882728704344236, 7.031517051446065, 7.309803919971486], "nrOfFeatures": 3}, "1": {"activity": null, "activities": [5.7447274948966935, 4.619788758288394, 6.3979400086720375], "nrOfFeatures": 3}, "2": {"activity": null, "activities": [5.657577319177793, 4.259637310505756, 4.214670164989233], "nrOfFeatures": 3}, "3": {"activity": null, "activities": [4.619788758288394, 6.3979400086720375], "nrOfFeatures": 2}, "4": {"activity": null, "activities": [6.214670164989233, 6.698970004336019], "nrOfFeatures": 2}, "5": {"activity": null, "activities": [7.882728704344236, 7.031517051446065, 7.309803919971486], "nrOfFeatures": 3}, "6": {"activity": null, "activities": [5.7447274948966935, 4.619788758288394, 6.3979400086720375], "nrOfFeatures": 3}, "7": {"activity": null, "activities": [5.7447274948966935, 4.619788758288394, 6.3979400086720375], "nrOfFeatures": 3}, "8": {"activity": null, "activities": [6.214670164989233, 6.698970004336019, 7.481486060122112], "nrOfFeatures": 3}, "9": {"activity": null, "activities": [6.214670164989233, 6.698970004336019], "nrOfFeatures": 2}, "10": {"activity": null, "activities": [5.533132379645891, 5.533132379645891], "nrOfFeatures": 2}, "11": {"activity": null, "activities": [7.882728704344236, 7.882728704344236], "nrOfFeatures": 2}, "12": {"activity": null, "activities": [7.882728704344236, 7.031517051446065, 7.309803919971486], "nrOfFeatures": 3}, "13": {"activity": null, "activities": [5.7447274948966935, 4.619788758288394, 6.3979400086720375], "nrOfFeatures": 3}, "14": {"activity": null, "activities": [5.7447274948966935, 5.7447274948966935, 4.619788758288394, 4.619788758288394, 6.3979400086720375, 6.3979400086720375], "nrOfFeatures": 6}, "15": {"activity": null, "activities": [5.657577319177793, 5.657577319177793, 4.259637310505756, 4.259637310505756], "nrOfFeatures": 4}, "16": {"activity": null, "activities": [7.031517051446065, 7.031517051446065], "nrOfFeatures": 2}, "17": {"activity": null, "activities": [6.698970004336019, 6.698970004336019], "nrOfFeatures": 2}, "18": {"activity": null, "activities": [7.481486060122112, 7.481486060122112], "nrOfFeatures": 2}, "19": {"activity": null, "activities": [6.931814138253839, 6.931814138253839], "nrOfFeatures": 2}, "20": {"activity": null, "activities": [6.931814138253839, 6.931814138253839], "nrOfFeatures": 2}, "21": {"activity": null, "activities": [7.309803919971486, 7.309803919971486], "nrOfFeatures": 2}, "22": {"activity": null, "activities": [4.214670164989233, 4.214670164989233], "nrOfFeatures": 2}, "23": {"activity": null, "activities": [4.102372908709558, 5.080921907623926], "nrOfFeatures": 2}, "24": {"activity": null, "activities": [7.882728704344236, 7.309803919971486], "nrOfFeatures": 2}, "25": {"activity": null, "activities": [5.7447274948966935, 4.619788758288394, 6.3979400086720375], "nrOfFeatures": 3}, "26": {"activity": null, "activities": [5.7447274948966935, 6.3979400086720375], "nrOfFeatures": 2}, "27": {"activity": null, "activities": [5.657577319177793, 4.259637310505756], "nrOfFeatures": 2}, "28": {"activity": null, "activities": [7.031517051446065, 7.309803919971486], "nrOfFeatures": 2}, "29": {"activity": null, "activities": [6.214670164989233, 6.698970004336019, 7.481486060122112], "nrOfFeatures": 3}, "30": {"activity": null, "activities": [6.214670164989233, 6.698970004336019, 7.481486060122112], "nrOfFeatures": 3}}