{"0": {"activity": null, "activities": [5.102372908709558, 5.534617148551582], "nrOfFeatures": 2}, "1": {"activity": null, "activities": [5.102372908709558, 4.939302159646388, 4.7447274948966935], "nrOfFeatures": 3}, "2": {"activity": null, "activities": [6.2839966563652006, 6.494850021680094, 6.638272163982407, 5.443697499232712, 5.939302159646388, 6.267606240177032], "nrOfFeatures": 6}, "3": {"activity": null, "activities": [6.2839966563652006, 6.638272163982407, 5.443697499232712, 6.267606240177032], "nrOfFeatures": 4}, "4": {"activity": null, "activities": [6.2839966563652006, 6.638272163982407, 5.443697499232712, 6.267606240177032], "nrOfFeatures": 4}, "5": {"activity": null, "activities": [6.2839966563652006, 6.638272163982407, 5.443697499232712, 6.267606240177032], "nrOfFeatures": 4}, "6": {"activity": null, "activities": [6.2839966563652006, 6.638272163982407, 5.443697499232712, 6.017728766960431, 6.267606240177032], "nrOfFeatures": 5}, "7": {"activity": null, "activities": [6.2839966563652006, 6.638272163982407, 5.443697499232712, 6.017728766960431, 6.267606240177032], "nrOfFeatures": 5}, "8": {"activity": null, "activities": [6.2839966563652006, 6.638272163982407, 5.443697499232712, 6.017728766960431, 6.267606240177032], "nrOfFeatures": 5}, "9": {"activity": null, "activities": [6.2839966563652006, 6.638272163982407, 5.443697499232712, 6.017728766960431, 6.267606240177032], "nrOfFeatures": 5}, "10": {"activity": null, "activities": [6.2839966563652006, 6.638272163982407, 5.443697499232712, 6.267606240177032], "nrOfFeatures": 4}, "11": {"activity": null, "activities": [6.769551078621726, 6.267606240177032], "nrOfFeatures": 2}, "12": {"activity": null, "activities": [6.769551078621726, 6.267606240177032], "nrOfFeatures": 2}, "13": {"activity": null, "activities": [4.7447274948966935, 3.9965394678904933], "nrOfFeatures": 2}, "14": {"activity": null, "activities": [6.2839966563652006, 6.638272163982407, 5.443697499232712, 5.939302159646388, 6.017728766960431, 6.267606240177032], "nrOfFeatures": 6}, "15": {"activity": null, "activities": [6.2839966563652006, 6.494850021680094, 6.638272163982407, 5.443697499232712, 6.267606240177032], "nrOfFeatures": 5}, "16": {"activity": null, "activities": [6.769551078621726, 5.534617148551582, 6.267606240177032], "nrOfFeatures": 3}, "17": {"activity": null, "activities": [6.769551078621726, 6.267606240177032], "nrOfFeatures": 2}, "18": {"activity": null, "activities": [6.494850021680094, 6.3872161432802645], "nrOfFeatures": 2}, "19": {"activity": null, "activities": [4.00436480540245, 5.102372908709558, 5.363512103646634, 4.939302159646388, 4.022276394711152], "nrOfFeatures": 5}, "20": {"activity": null, "activities": [6.494850021680094, 5.363512103646634], "nrOfFeatures": 2}, "21": {"activity": null, "activities": [4.7447274948966935, 3.9965394678904933], "nrOfFeatures": 2}, "22": {"activity": null, "activities": [5.102372908709558, 3.9965394678904933], "nrOfFeatures": 2}, "23": {"activity": null, "activities": [6.346787486224656, 6.494850021680094, 5.534617148551582], "nrOfFeatures": 3}, "24": {"activity": null, "activities": [6.494850021680094, 6.017728766960431], "nrOfFeatures": 2}, "25": {"activity": null, "activities": [5.363512103646634, 4.939302159646388], "nrOfFeatures": 2}}