{"0": {"activity": null, "activities": [8.154901959985743, 6.6020599913279625], "nrOfFeatures": 2}, "1": {"activity": null, "activities": [8.154901959985743, 8.045757490560675, 7.886056647693163], "nrOfFeatures": 3}, "2": {"activity": null, "activities": [7.6020599913279625, 7.7447274948966935, 6.522878745280337], "nrOfFeatures": 3}, "3": {"activity": null, "activities": [7.6020599913279625, 6.275724130399211, 7.7447274948966935], "nrOfFeatures": 3}, "4": {"activity": null, "activities": [8.096910013008056, 8.045757490560675, 8.154901959985743, 7.886056647693163], "nrOfFeatures": 4}, "5": {"activity": null, "activities": [8.096910013008056, 8.096910013008056, 9.522878745280337, 8.045757490560675, 8.154901959985743, 7.886056647693163], "nrOfFeatures": 6}, "6": {"activity": null, "activities": [8.096910013008056, 8.096910013008056], "nrOfFeatures": 2}, "7": {"activity": null, "activities": [8.045757490560675, 8.154901959985743], "nrOfFeatures": 2}, "8": {"activity": null, "activities": [7.886056647693163, 7.7447274948966935], "nrOfFeatures": 2}, "9": {"activity": null, "activities": [6.522878745280337, 6.522878745280337], "nrOfFeatures": 2}, "10": {"activity": null, "activities": [6.522878745280337, 6.6020599913279625], "nrOfFeatures": 2}, "11": {"activity": null, "activities": [8.154901959985743, 6.6020599913279625], "nrOfFeatures": 2}, "12": {"activity": null, "activities": [8.154901959985743, 8.096910013008056, 9.522878745280337, 8.045757490560675, 8.154901959985743], "nrOfFeatures": 5}, "13": {"activity": null, "activities": [7.6020599913279625, 6.275724130399211, 7.7447274948966935, 6.522878745280337], "nrOfFeatures": 4}, "14": {"activity": null, "activities": [8.096910013008056, 9.522878745280337, 8.045757490560675, 8.154901959985743, 7.886056647693163], "nrOfFeatures": 5}, "15": {"activity": null, "activities": [8.096910013008056, 8.096910013008056, 9.522878745280337, 8.045757490560675, 8.154901959985743, 7.886056647693163], "nrOfFeatures": 6}, "16": {"activity": null, "activities": [8.154901959985743, 9.522878745280337, 9.522878745280337], "nrOfFeatures": 3}, "17": {"activity": null, "activities": [7.6020599913279625, 6.522878745280337], "nrOfFeatures": 2}, "18": {"activity": null, "activities": [6.275724130399211, 7.7447274948966935, 7.7447274948966935, 6.522878745280337], "nrOfFeatures": 4}, "19": {"activity": null, "activities": [7.552841968657781, 6.6020599913279625], "nrOfFeatures": 2}, "20": {"activity": null, "activities": [7.552841968657781, 7.886056647693163], "nrOfFeatures": 2}, "21": {"activity": null, "activities": [8.154901959985743, 7.6020599913279625, 7.7447274948966935, 7.7447274948966935], "nrOfFeatures": 4}, "22": {"activity": null, "activities": [8.154901959985743, 8.045757490560675, 8.045757490560675, 7.552841968657781], "nrOfFeatures": 4}, "23": {"activity": null, "activities": [8.154901959985743, 9.522878745280337, 9.522878745280337], "nrOfFeatures": 3}, "24": {"activity": null, "activities": [8.154901959985743, 8.096910013008056, 8.096910013008056], "nrOfFeatures": 3}, "25": {"activity": null, "activities": [8.154901959985743, 7.552841968657781], "nrOfFeatures": 2}, "26": {"activity": null, "activities": [7.6020599913279625, 6.356547323513812, 6.522878745280337], "nrOfFeatures": 3}, "27": {"activity": null, "activities": [8.096910013008056, 8.096910013008056, 9.522878745280337, 8.154901959985743, 7.886056647693163], "nrOfFeatures": 5}, "28": {"activity": null, "activities": [8.096910013008056, 8.154901959985743, 7.886056647693163], "nrOfFeatures": 3}, "29": {"activity": null, "activities": [8.096910013008056, 9.522878745280337, 8.045757490560675, 8.154901959985743, 7.886056647693163], "nrOfFeatures": 5}, "30": {"activity": null, "activities": [8.096910013008056, 9.522878745280337], "nrOfFeatures": 2}, "31": {"activity": null, "activities": [8.096910013008056, 8.045757490560675], "nrOfFeatures": 2}, "32": {"activity": null, "activities": [6.275724130399211, 6.522878745280337], "nrOfFeatures": 2}, "33": {"activity": null, "activities": [7.552841968657781, 7.886056647693163], "nrOfFeatures": 2}, "34": {"activity": null, "activities": [7.376750709602099, 6.522878745280337], "nrOfFeatures": 2}, "35": {"activity": null, "activities": [6.229147988357855, 6.229147988357855], "nrOfFeatures": 2}, "36": {"activity": null, "activities": [6.229147988357855, 6.6020599913279625], "nrOfFeatures": 2}}